[
    {
        "name": "session1",
        "app_id": "24966426",
        "api_hash": "78cc86a35e99aa707e6456179782641d",
        "phone": "",
        "status": "inactive"
    },
    {
        "name": "session2",
        "app_id": "27180402",
        "api_hash": "400c3285cd1eb6e8a638b45a90e7cba3",
        "phone": "",
        "status": "inactive"
    },
    {
        "name": "session3",
        "app_id": "29860564",
        "api_hash": "3e58281c574a1c9abfa8d50cbb55a6df",
        "phone": "",
        "status": "inactive"
    }
]